{ 
    "restartPoint": {},
    "restartBot": {},
    "userAgent": {},
    "keyCommand": "",
    "autoAdd": false,
    "autoJoin": false,
    "autoReject": false,
    "autoLeave": true,
    "autoRead": false,
    "server": {},
    "changePicture": false,
    "changeGroupPicture": false,
    "autoJoinTicket": false,
    "Img": {},
    "Images": {},
    "Addimage": false,
    "PANTEKAdmin": {},
    "PANTEKGfoto": {},
    "PANTEKSDadmin": false,
    "PANTEKSDstaff": false,
    "PANTEKSadmin": false,
    "PANTEKSstaff": false,
    "PANTEKStaff": {},
    "PANTEKautojoin": true,
    "PANTEKautoread": false,
    "PANTEKautoscan": false,
    "PANTEKblacklist": {
        "ucf97e89bfc77943c7d11c52c9c46b2b9": true
    },
    "PANTEKdblacklist": false,
    "Pkfoto": {},
    "PANTEKgreet": {},
    "PANTEKlimit": 1,
    "PANTEKmessage": "Hallo...",
    "PANTEKmessage1": "http://line.me/ti/p/~antares_zonk",
    "PANTEKprotectqr": {},
    "PANTEKprotectinvite": {},
    "PANTEKprotectjoin": {},
    "PANTEKprotectkick": {},
    "PANTEKprotectcancel": {},
    "PkreadMember": {},
    "PkreadPoint": {},
    "PANTEKwblacklist": false,
    "PANTEKTEAMBOT": false
}
